{
    "BARGUNA": 3.0767595139188377,
    "BARISHAL": 10.734040753547506,
    "BHOLA": 13.124300104633837,
    "JHALOKATI": 4.684276482682191,
    "PATUAKHALI": 3.7438343076372496,
    "PIROJPUR": 2.375381800731286,
    "BANDARBAN": 3.5553120267259284,
    "BRAHMANBARIA": 5.090949692642392,
    "CHANDPUR": 11.252571110694277,
    "CHATTOGRAM": 27.273451220303212,
    "CUMILLA": 9.96817819816827,
    "COXS BAZAR": 15.997184076903693,
    "FENI": 16.49629563113675,
    "KHAGRACHHARI": 0.7847691276126482,
    "LAKSHMIPUR": 11.11351067577724,
    "NOAKHALI": 9.625348698593914,
    "RANGAMATI": 8.610131192094109,
    "DHAKA": 160.48543205294368,
    "FARIDPUR": 15.598316884988716,
    "GAZIPUR": 15.641442278920806,
    "GOPALGANJ": 7.688819359894106,
    "JAMALPUR": 2.378943695775151,
    "KISHOREGANJ": 8.412820295093905,
    "MADARIPUR": 7.119253372694518,
    "MANIKGANJ": 6.543858508461557,
    "MUNSHIGANJ": 8.845419576504947,
    "MYMENSINGH": 4.625539480513939,
    "NARAYANGANJ": 32.1975487446796,
    "NARSINGDI": 10.562055403239457,
    "NETRAKONA": 1.1451145478523546,
    "RAJBARI": 11.202586568174148,
    "SHARIATPUR": 7.859743915567717,
    "SHERPUR": 2.1163842972345432,
    "TANGAIL": 4.998086850240892,
    "BAGERHAT": 2.8722344361061287,
    "CHUADANGA": 2.034202818253009,
    "JASHORE": 10.048922788439043,
    "JHENAIDAH": 5.565976499095334,
    "KHULNA": 3.578946461230436,
    "KUSHTIA": 10.62502780472118,
    "MAGURA": 4.593957711426966,
    "MEHERPUR": 3.900244578614706,
    "NARAIL": 7.860700597107111,
    "SATKHIRA": 2.40802244284699,
    "BOGURA": 8.300314569756377,
    "CHAPAINABABGANJ": 2.7111791055884265,
    "JOYPURHAT": 0.5199514585691051,
    "NAOGAON": 0.5929575842750996,
    "NATORE": 0.7986380317235691,
    "PABNA": 1.4566968130481732,
    "RAJSHAHI": 13.580638126327202,
    "SIRAJGANJ": 3.820353963338524,
    "DINAJPUR": 2.633384911366061,
    "GAIBANDHA": 2.053211326439463,
    "KURIGRAM": 2.0269002540563066,
    "LALMONIRHAT": 1.8879794877387863,
    "NILPHAMARI": 2.1993393675282653,
    "PANCHAGARH": 0.547291406836609,
    "RANGPUR": 1.3504289083483114,
    "THAKURGAON": 1.4269913028196886,
    "HABIGANJ": 4.843241366303823,
    "MOULVIBAZAR": 3.5117229248692445,
    "SUNAMGANJ": 2.7196431343730514,
    "SYLHET": 9.849519510566989,
    "null": NaN
}